"Time","Contracts","Funding Interval","Funding Rate"
"2024-08-09 09:00:00","BTCUSD CM Perpetual","8h","0.010000%"
"2024-08-09 01:00:00","BTCUSD CM Perpetual","8h","-0.000414%"
"2024-08-08 17:00:00","BTCUSD CM Perpetual","8h","-0.003213%"
"2024-08-08 09:00:00","BTCUSD CM Perpetual","8h","0.007945%"
"2024-08-08 01:00:00","BTCUSD CM Perpetual","8h","0.004367%"
"2024-08-07 17:00:00","BTCUSD CM Perpetual","8h","0.007352%"
"2024-08-07 09:00:00","BTCUSD CM Perpetual","8h","-0.003168%"
"2024-08-07 01:00:00","BTCUSD CM Perpetual","8h","-0.007044%"
"2024-08-06 17:00:00","BTCUSD CM Perpetual","8h","0.007646%"
"2024-08-06 09:00:00","BTCUSD CM Perpetual","8h","-0.011294%"
"2024-08-06 01:00:00","BTCUSD CM Perpetual","8h","0.010000%"
"2024-08-05 17:00:00","BTCUSD CM Perpetual","8h","0.000978%"
"2024-08-05 09:00:00","BTCUSD CM Perpetual","8h","-0.006610%"
"2024-08-05 01:00:00","BTCUSD CM Perpetual","8h","-0.007521%"
"2024-08-04 17:00:00","BTCUSD CM Perpetual","8h","0.001297%"
"2024-08-04 09:00:00","BTCUSD CM Perpetual","8h","-0.004131%"
"2024-08-04 01:00:00","BTCUSD CM Perpetual","8h","0.005169%"
"2024-08-03 17:00:00","BTCUSD CM Perpetual","8h","0.000169%"
"2024-08-03 09:00:00","BTCUSD CM Perpetual","8h","0.010000%"
"2024-08-03 01:00:00","BTCUSD CM Perpetual","8h","0.010000%"
"2024-08-02 17:00:00","BTCUSD CM Perpetual","8h","0.010000%"
"2024-08-02 09:00:00","BTCUSD CM Perpetual","8h","0.010000%"
"2024-08-02 01:00:00","BTCUSD CM Perpetual","8h","0.010000%"
"2024-08-01 17:00:00","BTCUSD CM Perpetual","8h","0.010000%"
"2024-08-01 09:00:00","BTCUSD CM Perpetual","8h","0.010000%"
"2024-08-01 01:00:00","BTCUSD CM Perpetual","8h","0.008572%"
"2024-07-31 17:00:00","BTCUSD CM Perpetual","8h","0.010000%"
"2024-07-31 09:00:00","BTCUSD CM Perpetual","8h","0.006572%"
"2024-07-31 01:00:00","BTCUSD CM Perpetual","8h","0.010000%"
"2024-07-30 17:00:00","BTCUSD CM Perpetual","8h","0.010000%"
"2024-07-30 09:00:00","BTCUSD CM Perpetual","8h","0.010000%"
"2024-07-30 01:00:00","BTCUSD CM Perpetual","8h","0.004466%"
"2024-07-29 17:00:00","BTCUSD CM Perpetual","8h","0.010000%"
"2024-07-29 09:00:00","BTCUSD CM Perpetual","8h","0.010000%"
"2024-07-29 01:00:00","BTCUSD CM Perpetual","8h","0.010000%"
"2024-07-28 17:00:00","BTCUSD CM Perpetual","8h","0.010000%"
"2024-07-28 09:00:00","BTCUSD CM Perpetual","8h","0.005988%"
"2024-07-28 01:00:00","BTCUSD CM Perpetual","8h","0.010000%"
"2024-07-27 17:00:00","BTCUSD CM Perpetual","8h","0.010000%"
"2024-07-27 09:00:00","BTCUSD CM Perpetual","8h","0.010000%"
"2024-07-27 01:00:00","BTCUSD CM Perpetual","8h","0.006489%"
"2024-07-26 17:00:00","BTCUSD CM Perpetual","8h","0.002330%"
"2024-07-26 09:00:00","BTCUSD CM Perpetual","8h","0.008958%"
"2024-07-26 01:00:00","BTCUSD CM Perpetual","8h","0.010000%"
"2024-07-25 17:00:00","BTCUSD CM Perpetual","8h","0.010000%"
"2024-07-25 09:00:00","BTCUSD CM Perpetual","8h","0.010000%"
"2024-07-25 01:00:00","BTCUSD CM Perpetual","8h","0.010000%"
"2024-07-24 17:00:00","BTCUSD CM Perpetual","8h","0.010000%"
"2024-07-24 09:00:00","BTCUSD CM Perpetual","8h","0.010000%"
"2024-07-24 01:00:00","BTCUSD CM Perpetual","8h","0.010000%"
"2024-07-23 17:00:00","BTCUSD CM Perpetual","8h","0.010000%"
"2024-07-23 09:00:00","BTCUSD CM Perpetual","8h","0.010000%"
"2024-07-23 01:00:00","BTCUSD CM Perpetual","8h","-0.004829%"
"2024-07-22 17:00:00","BTCUSD CM Perpetual","8h","0.010000%"
"2024-07-22 09:00:00","BTCUSD CM Perpetual","8h","0.010000%"
"2024-07-22 01:00:00","BTCUSD CM Perpetual","8h","0.010000%"
"2024-07-21 17:00:00","BTCUSD CM Perpetual","8h","0.010000%"
"2024-07-21 09:00:00","BTCUSD CM Perpetual","8h","0.010000%"
"2024-07-21 01:00:00","BTCUSD CM Perpetual","8h","0.010000%"
"2024-07-20 17:00:00","BTCUSD CM Perpetual","8h","0.010000%"
"2024-07-20 09:00:00","BTCUSD CM Perpetual","8h","-0.000896%"
"2024-07-20 01:00:00","BTCUSD CM Perpetual","8h","-0.002095%"
"2024-07-19 17:00:00","BTCUSD CM Perpetual","8h","0.010000%"
"2024-07-19 09:00:00","BTCUSD CM Perpetual","8h","0.010000%"
"2024-07-19 01:00:00","BTCUSD CM Perpetual","8h","0.010000%"
"2024-07-18 17:00:00","BTCUSD CM Perpetual","8h","0.004503%"
"2024-07-18 09:00:00","BTCUSD CM Perpetual","8h","0.003613%"
"2024-07-18 01:00:00","BTCUSD CM Perpetual","8h","0.002614%"
"2024-07-17 17:00:00","BTCUSD CM Perpetual","8h","0.010000%"
"2024-07-17 09:00:00","BTCUSD CM Perpetual","8h","0.010000%"
"2024-07-17 01:00:00","BTCUSD CM Perpetual","8h","-0.004512%"
"2024-07-16 17:00:00","BTCUSD CM Perpetual","8h","0.010000%"
"2024-07-16 09:00:00","BTCUSD CM Perpetual","8h","0.010000%"
"2024-07-16 01:00:00","BTCUSD CM Perpetual","8h","0.008823%"
"2024-07-15 17:00:00","BTCUSD CM Perpetual","8h","0.010000%"
"2024-07-15 09:00:00","BTCUSD CM Perpetual","8h","0.010000%"
"2024-07-15 01:00:00","BTCUSD CM Perpetual","8h","0.001762%"
"2024-07-14 17:00:00","BTCUSD CM Perpetual","8h","0.008246%"
"2024-07-14 09:00:00","BTCUSD CM Perpetual","8h","0.008962%"
"2024-07-14 01:00:00","BTCUSD CM Perpetual","8h","0.003088%"
"2024-07-13 17:00:00","BTCUSD CM Perpetual","8h","0.010000%"
"2024-07-13 09:00:00","BTCUSD CM Perpetual","8h","0.001204%"
"2024-07-13 01:00:00","BTCUSD CM Perpetual","8h","0.007321%"
"2024-07-12 17:00:00","BTCUSD CM Perpetual","8h","0.000993%"
"2024-07-12 09:00:00","BTCUSD CM Perpetual","8h","-0.000491%"
"2024-07-12 01:00:00","BTCUSD CM Perpetual","8h","0.002343%"
"2024-07-11 17:00:00","BTCUSD CM Perpetual","8h","0.000435%"
"2024-07-11 09:00:00","BTCUSD CM Perpetual","8h","0.001251%"
"2024-07-11 01:00:00","BTCUSD CM Perpetual","8h","0.001707%"
"2024-07-10 17:00:00","BTCUSD CM Perpetual","8h","0.009674%"
"2024-07-10 09:00:00","BTCUSD CM Perpetual","8h","-0.000992%"
"2024-07-10 01:00:00","BTCUSD CM Perpetual","8h","-0.003298%"
"2024-07-09 17:00:00","BTCUSD CM Perpetual","8h","0.000139%"
"2024-07-09 09:00:00","BTCUSD CM Perpetual","8h","-0.010281%"
"2024-07-09 01:00:00","BTCUSD CM Perpetual","8h","0.009815%"
"2024-07-08 17:00:00","BTCUSD CM Perpetual","8h","0.010000%"
"2024-07-08 09:00:00","BTCUSD CM Perpetual","8h","-0.000782%"
"2024-07-08 01:00:00","BTCUSD CM Perpetual","8h","0.002409%"
"2024-07-07 17:00:00","BTCUSD CM Perpetual","8h","0.010000%"
"2024-07-07 09:00:00","BTCUSD CM Perpetual","8h","0.008585%"
"2024-07-07 01:00:00","BTCUSD CM Perpetual","8h","0.005889%"
"2024-07-06 17:00:00","BTCUSD CM Perpetual","8h","0.004314%"
"2024-07-06 09:00:00","BTCUSD CM Perpetual","8h","0.010000%"
"2024-07-06 01:00:00","BTCUSD CM Perpetual","8h","0.004724%"
"2024-07-05 17:00:00","BTCUSD CM Perpetual","8h","0.004353%"
"2024-07-05 09:00:00","BTCUSD CM Perpetual","8h","-0.003312%"
"2024-07-05 01:00:00","BTCUSD CM Perpetual","8h","0.010000%"
"2024-07-04 17:00:00","BTCUSD CM Perpetual","8h","0.010000%"
"2024-07-04 09:00:00","BTCUSD CM Perpetual","8h","0.003941%"
"2024-07-04 01:00:00","BTCUSD CM Perpetual","8h","0.010000%"
"2024-07-03 17:00:00","BTCUSD CM Perpetual","8h","0.010000%"
"2024-07-03 09:00:00","BTCUSD CM Perpetual","8h","0.010000%"
"2024-07-03 01:00:00","BTCUSD CM Perpetual","8h","0.010000%"
"2024-07-02 17:00:00","BTCUSD CM Perpetual","8h","0.010000%"
"2024-07-02 09:00:00","BTCUSD CM Perpetual","8h","0.010000%"
"2024-07-02 01:00:00","BTCUSD CM Perpetual","8h","0.010000%"
"2024-07-01 17:00:00","BTCUSD CM Perpetual","8h","0.010000%"
"2024-07-01 09:00:00","BTCUSD CM Perpetual","8h","0.010000%"
"2024-07-01 01:00:00","BTCUSD CM Perpetual","8h","0.038042%"
"2024-06-30 17:00:00","BTCUSD CM Perpetual","8h","0.010000%"
"2024-06-30 09:00:00","BTCUSD CM Perpetual","8h","0.021329%"
"2024-06-30 01:00:00","BTCUSD CM Perpetual","8h","0.014908%"
"2024-06-29 17:00:00","BTCUSD CM Perpetual","8h","0.021407%"
"2024-06-29 09:00:00","BTCUSD CM Perpetual","8h","0.034576%"
"2024-06-29 01:00:00","BTCUSD CM Perpetual","8h","0.010000%"
"2024-06-28 17:00:00","BTCUSD CM Perpetual","8h","0.010000%"
"2024-06-28 09:00:00","BTCUSD CM Perpetual","8h","0.010000%"
"2024-06-28 01:00:00","BTCUSD CM Perpetual","8h","0.010000%"
"2024-06-27 17:00:00","BTCUSD CM Perpetual","8h","0.010000%"
"2024-06-27 09:00:00","BTCUSD CM Perpetual","8h","0.010000%"
"2024-06-27 01:00:00","BTCUSD CM Perpetual","8h","0.010000%"
"2024-06-26 17:00:00","BTCUSD CM Perpetual","8h","0.010000%"
"2024-06-26 09:00:00","BTCUSD CM Perpetual","8h","0.010000%"
"2024-06-26 01:00:00","BTCUSD CM Perpetual","8h","0.006755%"
"2024-06-25 17:00:00","BTCUSD CM Perpetual","8h","0.010000%"
"2024-06-25 09:00:00","BTCUSD CM Perpetual","8h","0.010000%"
"2024-06-25 01:00:00","BTCUSD CM Perpetual","8h","-0.001186%"
"2024-06-24 17:00:00","BTCUSD CM Perpetual","8h","-0.002308%"
"2024-06-24 09:00:00","BTCUSD CM Perpetual","8h","-0.001273%"
"2024-06-24 01:00:00","BTCUSD CM Perpetual","8h","0.010000%"
"2024-06-23 17:00:00","BTCUSD CM Perpetual","8h","0.010000%"
"2024-06-23 09:00:00","BTCUSD CM Perpetual","8h","0.010000%"
"2024-06-23 01:00:00","BTCUSD CM Perpetual","8h","0.004160%"
"2024-06-22 17:00:00","BTCUSD CM Perpetual","8h","0.010000%"
"2024-06-22 09:00:00","BTCUSD CM Perpetual","8h","0.009389%"
"2024-06-22 01:00:00","BTCUSD CM Perpetual","8h","0.010000%"
"2024-06-21 17:00:00","BTCUSD CM Perpetual","8h","0.010000%"
"2024-06-21 09:00:00","BTCUSD CM Perpetual","8h","0.007490%"
"2024-06-21 01:00:00","BTCUSD CM Perpetual","8h","0.010000%"
"2024-06-20 17:00:00","BTCUSD CM Perpetual","8h","0.010000%"
"2024-06-20 09:00:00","BTCUSD CM Perpetual","8h","0.010000%"
"2024-06-20 01:00:00","BTCUSD CM Perpetual","8h","-0.000447%"
"2024-06-19 17:00:00","BTCUSD CM Perpetual","8h","0.004699%"
"2024-06-19 09:00:00","BTCUSD CM Perpetual","8h","0.003219%"
"2024-06-19 01:00:00","BTCUSD CM Perpetual","8h","-0.002181%"
"2024-06-18 17:00:00","BTCUSD CM Perpetual","8h","0.004638%"
"2024-06-18 09:00:00","BTCUSD CM Perpetual","8h","-0.012752%"
"2024-06-18 01:00:00","BTCUSD CM Perpetual","8h","0.009422%"
"2024-06-17 17:00:00","BTCUSD CM Perpetual","8h","0.010000%"
"2024-06-17 09:00:00","BTCUSD CM Perpetual","8h","0.010000%"
"2024-06-17 01:00:00","BTCUSD CM Perpetual","8h","0.010000%"
"2024-06-16 17:00:00","BTCUSD CM Perpetual","8h","0.010000%"
"2024-06-16 09:00:00","BTCUSD CM Perpetual","8h","0.010000%"
"2024-06-16 01:00:00","BTCUSD CM Perpetual","8h","0.010000%"
"2024-06-15 17:00:00","BTCUSD CM Perpetual","8h","0.010000%"
"2024-06-15 09:00:00","BTCUSD CM Perpetual","8h","0.010000%"
"2024-06-15 01:00:00","BTCUSD CM Perpetual","8h","0.010000%"
"2024-06-14 17:00:00","BTCUSD CM Perpetual","8h","0.010000%"
"2024-06-14 09:00:00","BTCUSD CM Perpetual","8h","0.010000%"
"2024-06-14 01:00:00","BTCUSD CM Perpetual","8h","0.010000%"
"2024-06-13 17:00:00","BTCUSD CM Perpetual","8h","0.010000%"
"2024-06-13 09:00:00","BTCUSD CM Perpetual","8h","0.010000%"
"2024-06-13 01:00:00","BTCUSD CM Perpetual","8h","0.010000%"
"2024-06-12 17:00:00","BTCUSD CM Perpetual","8h","0.010000%"
"2024-06-12 09:00:00","BTCUSD CM Perpetual","8h","0.010000%"
"2024-06-12 01:00:00","BTCUSD CM Perpetual","8h","0.010000%"
"2024-06-11 17:00:00","BTCUSD CM Perpetual","8h","0.010000%"
"2024-06-11 09:00:00","BTCUSD CM Perpetual","8h","0.010000%"
"2024-06-11 01:00:00","BTCUSD CM Perpetual","8h","0.010000%"
"2024-06-10 17:00:00","BTCUSD CM Perpetual","8h","0.010000%"
"2024-06-10 09:00:00","BTCUSD CM Perpetual","8h","0.010000%"
"2024-06-10 01:00:00","BTCUSD CM Perpetual","8h","0.010000%"
"2024-06-09 17:00:00","BTCUSD CM Perpetual","8h","0.010000%"
"2024-06-09 09:00:00","BTCUSD CM Perpetual","8h","0.010000%"
"2024-06-09 01:00:00","BTCUSD CM Perpetual","8h","0.010000%"
"2024-06-08 17:00:00","BTCUSD CM Perpetual","8h","0.010000%"
"2024-06-08 09:00:00","BTCUSD CM Perpetual","8h","0.010000%"
"2024-06-08 01:00:00","BTCUSD CM Perpetual","8h","0.010000%"
"2024-06-07 17:00:00","BTCUSD CM Perpetual","8h","0.035651%"
"2024-06-07 09:00:00","BTCUSD CM Perpetual","8h","0.010000%"
"2024-06-07 01:00:00","BTCUSD CM Perpetual","8h","0.010000%"
"2024-06-06 17:00:00","BTCUSD CM Perpetual","8h","0.022125%"
"2024-06-06 09:00:00","BTCUSD CM Perpetual","8h","0.010000%"
"2024-06-06 01:00:00","BTCUSD CM Perpetual","8h","0.010000%"
"2024-06-05 17:00:00","BTCUSD CM Perpetual","8h","0.010000%"
"2024-06-05 09:00:00","BTCUSD CM Perpetual","8h","0.012397%"
"2024-06-05 01:00:00","BTCUSD CM Perpetual","8h","0.010000%"
"2024-06-04 17:00:00","BTCUSD CM Perpetual","8h","0.010000%"
"2024-06-04 09:00:00","BTCUSD CM Perpetual","8h","0.010000%"
"2024-06-04 01:00:00","BTCUSD CM Perpetual","8h","0.010000%"
"2024-06-03 17:00:00","BTCUSD CM Perpetual","8h","0.010000%"
"2024-06-03 09:00:00","BTCUSD CM Perpetual","8h","0.010409%"
"2024-06-03 01:00:00","BTCUSD CM Perpetual","8h","0.010000%"
"2024-06-02 17:00:00","BTCUSD CM Perpetual","8h","0.010000%"
"2024-06-02 09:00:00","BTCUSD CM Perpetual","8h","0.010000%"
"2024-06-02 01:00:00","BTCUSD CM Perpetual","8h","0.010000%"
"2024-06-01 17:00:00","BTCUSD CM Perpetual","8h","0.010000%"
"2024-06-01 09:00:00","BTCUSD CM Perpetual","8h","0.010000%"
"2024-06-01 01:00:00","BTCUSD CM Perpetual","8h","0.010000%"
"2024-05-31 17:00:00","BTCUSD CM Perpetual","8h","0.010000%"
"2024-05-31 09:00:00","BTCUSD CM Perpetual","8h","0.010000%"
"2024-05-31 01:00:00","BTCUSD CM Perpetual","8h","0.010000%"
"2024-05-30 17:00:00","BTCUSD CM Perpetual","8h","0.010000%"
"2024-05-30 09:00:00","BTCUSD CM Perpetual","8h","0.010000%"
"2024-05-30 01:00:00","BTCUSD CM Perpetual","8h","0.010000%"
"2024-05-29 17:00:00","BTCUSD CM Perpetual","8h","0.010000%"
"2024-05-29 09:00:00","BTCUSD CM Perpetual","8h","0.026673%"
"2024-05-29 01:00:00","BTCUSD CM Perpetual","8h","0.025219%"
"2024-05-28 17:00:00","BTCUSD CM Perpetual","8h","0.010000%"
"2024-05-28 09:00:00","BTCUSD CM Perpetual","8h","0.010000%"
"2024-05-28 01:00:00","BTCUSD CM Perpetual","8h","0.021350%"
"2024-05-27 17:00:00","BTCUSD CM Perpetual","8h","0.024474%"
"2024-05-27 09:00:00","BTCUSD CM Perpetual","8h","0.010000%"
"2024-05-27 01:00:00","BTCUSD CM Perpetual","8h","0.010000%"
"2024-05-26 17:00:00","BTCUSD CM Perpetual","8h","0.010000%"
"2024-05-26 09:00:00","BTCUSD CM Perpetual","8h","0.010000%"
"2024-05-26 01:00:00","BTCUSD CM Perpetual","8h","0.010000%"
"2024-05-25 17:00:00","BTCUSD CM Perpetual","8h","0.010000%"
"2024-05-25 09:00:00","BTCUSD CM Perpetual","8h","0.010000%"
"2024-05-25 01:00:00","BTCUSD CM Perpetual","8h","0.010000%"
"2024-05-24 17:00:00","BTCUSD CM Perpetual","8h","0.010000%"
"2024-05-24 09:00:00","BTCUSD CM Perpetual","8h","0.010000%"
"2024-05-24 01:00:00","BTCUSD CM Perpetual","8h","0.010000%"
"2024-05-23 17:00:00","BTCUSD CM Perpetual","8h","0.010000%"
"2024-05-23 09:00:00","BTCUSD CM Perpetual","8h","0.010000%"
"2024-05-23 01:00:00","BTCUSD CM Perpetual","8h","0.015112%"
"2024-05-22 17:00:00","BTCUSD CM Perpetual","8h","0.010000%"
"2024-05-22 09:00:00","BTCUSD CM Perpetual","8h","0.010000%"
"2024-05-22 01:00:00","BTCUSD CM Perpetual","8h","0.010000%"
"2024-05-21 17:00:00","BTCUSD CM Perpetual","8h","0.018815%"
"2024-05-21 09:00:00","BTCUSD CM Perpetual","8h","0.016546%"
"2024-05-21 01:00:00","BTCUSD CM Perpetual","8h","0.010000%"
"2024-05-20 17:00:00","BTCUSD CM Perpetual","8h","0.010000%"
"2024-05-20 09:00:00","BTCUSD CM Perpetual","8h","0.010000%"
"2024-05-20 01:00:00","BTCUSD CM Perpetual","8h","0.000659%"
"2024-05-19 17:00:00","BTCUSD CM Perpetual","8h","0.010000%"
"2024-05-19 09:00:00","BTCUSD CM Perpetual","8h","0.010000%"
"2024-05-19 01:00:00","BTCUSD CM Perpetual","8h","0.010000%"
"2024-05-18 17:00:00","BTCUSD CM Perpetual","8h","0.010000%"
"2024-05-18 09:00:00","BTCUSD CM Perpetual","8h","0.010000%"
"2024-05-18 01:00:00","BTCUSD CM Perpetual","8h","0.010000%"
"2024-05-17 17:00:00","BTCUSD CM Perpetual","8h","0.009380%"
"2024-05-17 09:00:00","BTCUSD CM Perpetual","8h","0.000585%"
"2024-05-17 01:00:00","BTCUSD CM Perpetual","8h","0.005177%"
"2024-05-16 17:00:00","BTCUSD CM Perpetual","8h","0.000737%"
"2024-05-16 09:00:00","BTCUSD CM Perpetual","8h","0.008225%"
"2024-05-16 01:00:00","BTCUSD CM Perpetual","8h","0.001829%"
"2024-05-15 17:00:00","BTCUSD CM Perpetual","8h","0.001108%"
"2024-05-15 09:00:00","BTCUSD CM Perpetual","8h","-0.000348%"
"2024-05-15 01:00:00","BTCUSD CM Perpetual","8h","0.010000%"
"2024-05-14 17:00:00","BTCUSD CM Perpetual","8h","0.007398%"
"2024-05-14 09:00:00","BTCUSD CM Perpetual","8h","0.010000%"
"2024-05-14 01:00:00","BTCUSD CM Perpetual","8h","-0.003055%"
"2024-05-13 17:00:00","BTCUSD CM Perpetual","8h","0.010000%"
"2024-05-13 09:00:00","BTCUSD CM Perpetual","8h","0.005959%"
"2024-05-13 01:00:00","BTCUSD CM Perpetual","8h","0.009775%"
"2024-05-12 17:00:00","BTCUSD CM Perpetual","8h","0.010000%"
"2024-05-12 09:00:00","BTCUSD CM Perpetual","8h","-0.000445%"
"2024-05-12 01:00:00","BTCUSD CM Perpetual","8h","-0.001785%"
"2024-05-11 17:00:00","BTCUSD CM Perpetual","8h","0.008087%"
"2024-05-11 09:00:00","BTCUSD CM Perpetual","8h","0.003194%"
"2024-05-11 01:00:00","BTCUSD CM Perpetual","8h","0.006037%"
"2024-05-10 17:00:00","BTCUSD CM Perpetual","8h","-0.008397%"
"2024-05-10 09:00:00","BTCUSD CM Perpetual","8h","-0.011704%"
"2024-05-10 01:00:00","BTCUSD CM Perpetual","8h","-0.010189%"
"2024-05-09 17:00:00","BTCUSD CM Perpetual","8h","0.010000%"
"2024-05-09 09:00:00","BTCUSD CM Perpetual","8h","-0.003809%"
"2024-05-09 01:00:00","BTCUSD CM Perpetual","8h","0.006420%"
"2024-05-08 17:00:00","BTCUSD CM Perpetual","8h","0.010000%"
"2024-05-08 09:00:00","BTCUSD CM Perpetual","8h","0.010000%"
"2024-05-08 01:00:00","BTCUSD CM Perpetual","8h","0.004445%"
"2024-05-07 17:00:00","BTCUSD CM Perpetual","8h","0.010000%"
"2024-05-07 09:00:00","BTCUSD CM Perpetual","8h","0.006635%"
"2024-05-07 01:00:00","BTCUSD CM Perpetual","8h","0.010000%"
"2024-05-06 17:00:00","BTCUSD CM Perpetual","8h","0.010000%"
"2024-05-06 09:00:00","BTCUSD CM Perpetual","8h","0.007323%"
"2024-05-06 01:00:00","BTCUSD CM Perpetual","8h","0.010000%"
"2024-05-05 17:00:00","BTCUSD CM Perpetual","8h","0.010000%"
"2024-05-05 09:00:00","BTCUSD CM Perpetual","8h","0.010000%"
"2024-05-05 01:00:00","BTCUSD CM Perpetual","8h","0.010000%"
"2024-05-04 17:00:00","BTCUSD CM Perpetual","8h","0.002061%"
"2024-05-04 09:00:00","BTCUSD CM Perpetual","8h","0.010000%"
"2024-05-04 01:00:00","BTCUSD CM Perpetual","8h","-0.014458%"
"2024-05-03 17:00:00","BTCUSD CM Perpetual","8h","0.010000%"
"2024-05-03 09:00:00","BTCUSD CM Perpetual","8h","-0.012472%"
"2024-05-03 01:00:00","BTCUSD CM Perpetual","8h","-0.017999%"
"2024-05-02 17:00:00","BTCUSD CM Perpetual","8h","-0.009919%"
"2024-05-02 09:00:00","BTCUSD CM Perpetual","8h","0.010000%"
"2024-05-02 01:00:00","BTCUSD CM Perpetual","8h","0.010000%"
"2024-05-01 17:00:00","BTCUSD CM Perpetual","8h","0.010000%"
"2024-05-01 09:00:00","BTCUSD CM Perpetual","8h","0.010000%"
"2024-05-01 01:00:00","BTCUSD CM Perpetual","8h","0.010000%"
"2024-04-30 17:00:00","BTCUSD CM Perpetual","8h","0.010000%"
"2024-04-30 09:00:00","BTCUSD CM Perpetual","8h","-0.001006%"
"2024-04-30 01:00:00","BTCUSD CM Perpetual","8h","0.010000%"
"2024-04-29 17:00:00","BTCUSD CM Perpetual","8h","0.010000%"
"2024-04-29 09:00:00","BTCUSD CM Perpetual","8h","-0.005336%"
"2024-04-29 01:00:00","BTCUSD CM Perpetual","8h","0.007973%"
"2024-04-28 17:00:00","BTCUSD CM Perpetual","8h","0.008788%"
"2024-04-28 09:00:00","BTCUSD CM Perpetual","8h","0.005901%"
"2024-04-28 01:00:00","BTCUSD CM Perpetual","8h","0.006211%"
"2024-04-27 17:00:00","BTCUSD CM Perpetual","8h","0.010000%"
"2024-04-27 09:00:00","BTCUSD CM Perpetual","8h","0.010000%"
"2024-04-27 01:00:00","BTCUSD CM Perpetual","8h","0.010000%"
"2024-04-26 17:00:00","BTCUSD CM Perpetual","8h","0.002535%"
"2024-04-26 09:00:00","BTCUSD CM Perpetual","8h","0.007129%"
"2024-04-26 01:00:00","BTCUSD CM Perpetual","8h","0.008368%"
"2024-04-25 17:00:00","BTCUSD CM Perpetual","8h","0.010000%"
"2024-04-25 09:00:00","BTCUSD CM Perpetual","8h","0.008154%"
"2024-04-25 01:00:00","BTCUSD CM Perpetual","8h","0.010000%"
"2024-04-24 17:00:00","BTCUSD CM Perpetual","8h","0.010000%"
"2024-04-24 09:00:00","BTCUSD CM Perpetual","8h","0.010000%"
"2024-04-24 01:00:00","BTCUSD CM Perpetual","8h","0.010000%"
"2024-04-23 17:00:00","BTCUSD CM Perpetual","8h","0.009861%"
"2024-04-23 09:00:00","BTCUSD CM Perpetual","8h","0.008268%"
"2024-04-23 01:00:00","BTCUSD CM Perpetual","8h","-0.006010%"
"2024-04-22 17:00:00","BTCUSD CM Perpetual","8h","-0.000746%"
"2024-04-22 09:00:00","BTCUSD CM Perpetual","8h","0.010000%"
"2024-04-22 01:00:00","BTCUSD CM Perpetual","8h","0.010000%"
"2024-04-21 17:00:00","BTCUSD CM Perpetual","8h","0.002592%"
"2024-04-21 09:00:00","BTCUSD CM Perpetual","8h","-0.011689%"
"2024-04-21 01:00:00","BTCUSD CM Perpetual","8h","-0.010171%"
"2024-04-20 17:00:00","BTCUSD CM Perpetual","8h","0.007259%"
"2024-04-20 09:00:00","BTCUSD CM Perpetual","8h","-0.013664%"
"2024-04-20 01:00:00","BTCUSD CM Perpetual","8h","0.009818%"
"2024-04-19 17:00:00","BTCUSD CM Perpetual","8h","-0.005092%"
"2024-04-19 09:00:00","BTCUSD CM Perpetual","8h","0.010000%"
"2024-04-19 01:00:00","BTCUSD CM Perpetual","8h","-0.029339%"
"2024-04-18 17:00:00","BTCUSD CM Perpetual","8h","-0.021167%"
"2024-04-18 09:00:00","BTCUSD CM Perpetual","8h","0.004871%"
"2024-04-18 01:00:00","BTCUSD CM Perpetual","8h","-0.007752%"
"2024-04-17 17:00:00","BTCUSD CM Perpetual","8h","-0.003180%"
"2024-04-17 09:00:00","BTCUSD CM Perpetual","8h","0.002065%"
"2024-04-17 01:00:00","BTCUSD CM Perpetual","8h","0.006052%"
"2024-04-16 17:00:00","BTCUSD CM Perpetual","8h","-0.008097%"
"2024-04-16 09:00:00","BTCUSD CM Perpetual","8h","0.008576%"
"2024-04-16 01:00:00","BTCUSD CM Perpetual","8h","-0.007435%"
"2024-04-15 17:00:00","BTCUSD CM Perpetual","8h","0.000273%"
"2024-04-15 09:00:00","BTCUSD CM Perpetual","8h","-0.013370%"
"2024-04-15 01:00:00","BTCUSD CM Perpetual","8h","-0.002938%"
"2024-04-14 17:00:00","BTCUSD CM Perpetual","8h","0.010000%"
"2024-04-14 09:00:00","BTCUSD CM Perpetual","8h","0.010000%"
"2024-04-14 01:00:00","BTCUSD CM Perpetual","8h","-0.029523%"
"2024-04-13 17:00:00","BTCUSD CM Perpetual","8h","0.010000%"
"2024-04-13 09:00:00","BTCUSD CM Perpetual","8h","-0.001594%"
"2024-04-13 01:00:00","BTCUSD CM Perpetual","8h","-0.017997%"
"2024-04-12 17:00:00","BTCUSD CM Perpetual","8h","0.010000%"
"2024-04-12 09:00:00","BTCUSD CM Perpetual","8h","0.010000%"
"2024-04-12 01:00:00","BTCUSD CM Perpetual","8h","-0.006531%"
"2024-04-11 17:00:00","BTCUSD CM Perpetual","8h","0.010000%"
"2024-04-11 09:00:00","BTCUSD CM Perpetual","8h","0.010000%"
"2024-04-11 01:00:00","BTCUSD CM Perpetual","8h","0.010000%"
"2024-04-10 17:00:00","BTCUSD CM Perpetual","8h","0.010000%"
"2024-04-10 09:00:00","BTCUSD CM Perpetual","8h","0.010000%"
"2024-04-10 01:00:00","BTCUSD CM Perpetual","8h","0.010000%"
"2024-04-09 17:00:00","BTCUSD CM Perpetual","8h","0.010000%"
"2024-04-09 09:00:00","BTCUSD CM Perpetual","8h","0.010000%"
"2024-04-09 01:00:00","BTCUSD CM Perpetual","8h","0.010000%"
"2024-04-08 17:00:00","BTCUSD CM Perpetual","8h","0.036453%"
"2024-04-08 09:00:00","BTCUSD CM Perpetual","8h","0.010000%"
"2024-04-08 01:00:00","BTCUSD CM Perpetual","8h","0.010000%"
"2024-04-07 17:00:00","BTCUSD CM Perpetual","8h","0.010000%"
"2024-04-07 09:00:00","BTCUSD CM Perpetual","8h","0.010000%"
"2024-04-07 01:00:00","BTCUSD CM Perpetual","8h","0.010000%"
"2024-04-06 17:00:00","BTCUSD CM Perpetual","8h","0.010000%"
"2024-04-06 09:00:00","BTCUSD CM Perpetual","8h","0.010000%"
"2024-04-06 01:00:00","BTCUSD CM Perpetual","8h","0.010000%"
"2024-04-05 17:00:00","BTCUSD CM Perpetual","8h","0.010000%"
"2024-04-05 09:00:00","BTCUSD CM Perpetual","8h","0.010000%"
"2024-04-05 01:00:00","BTCUSD CM Perpetual","8h","0.010000%"
"2024-04-04 17:00:00","BTCUSD CM Perpetual","8h","0.010000%"
"2024-04-04 09:00:00","BTCUSD CM Perpetual","8h","0.010000%"
"2024-04-04 01:00:00","BTCUSD CM Perpetual","8h","0.001210%"
"2024-04-03 17:00:00","BTCUSD CM Perpetual","8h","0.010000%"
"2024-04-03 09:00:00","BTCUSD CM Perpetual","8h","0.010000%"
"2024-04-03 01:00:00","BTCUSD CM Perpetual","8h","0.010000%"
"2024-04-02 17:00:00","BTCUSD CM Perpetual","8h","0.010000%"
"2024-04-02 09:00:00","BTCUSD CM Perpetual","8h","0.010000%"
"2024-04-02 01:00:00","BTCUSD CM Perpetual","8h","0.010000%"
"2024-04-01 17:00:00","BTCUSD CM Perpetual","8h","0.015160%"
"2024-04-01 09:00:00","BTCUSD CM Perpetual","8h","0.011585%"
"2024-04-01 01:00:00","BTCUSD CM Perpetual","8h","0.071823%"
"2024-03-31 17:00:00","BTCUSD CM Perpetual","8h","0.084788%"
"2024-03-31 09:00:00","BTCUSD CM Perpetual","8h","0.068038%"
"2024-03-31 00:00:00","BTCUSD CM Perpetual","8h","0.014525%"
"2024-03-30 16:00:00","BTCUSD CM Perpetual","8h","0.046856%"
"2024-03-30 08:00:00","BTCUSD CM Perpetual","8h","0.043781%"
"2024-03-30 00:00:00","BTCUSD CM Perpetual","8h","0.021962%"
"2024-03-29 16:00:00","BTCUSD CM Perpetual","8h","0.033233%"
"2024-03-29 08:00:00","BTCUSD CM Perpetual","8h","0.027830%"
"2024-03-29 00:00:00","BTCUSD CM Perpetual","8h","0.010000%"
"2024-03-28 16:00:00","BTCUSD CM Perpetual","8h","0.057297%"
"2024-03-28 08:00:00","BTCUSD CM Perpetual","8h","0.034749%"
"2024-03-28 00:00:00","BTCUSD CM Perpetual","8h","0.010000%"
"2024-03-27 16:00:00","BTCUSD CM Perpetual","8h","0.063059%"
"2024-03-27 08:00:00","BTCUSD CM Perpetual","8h","0.052617%"
"2024-03-27 00:00:00","BTCUSD CM Perpetual","8h","0.040304%"
"2024-03-26 16:00:00","BTCUSD CM Perpetual","8h","0.025417%"
"2024-03-26 08:00:00","BTCUSD CM Perpetual","8h","0.010000%"
"2024-03-26 00:00:00","BTCUSD CM Perpetual","8h","0.061956%"
"2024-03-25 16:00:00","BTCUSD CM Perpetual","8h","0.025431%"
"2024-03-25 08:00:00","BTCUSD CM Perpetual","8h","0.010000%"
"2024-03-25 00:00:00","BTCUSD CM Perpetual","8h","0.036728%"
"2024-03-24 16:00:00","BTCUSD CM Perpetual","8h","0.044465%"
"2024-03-24 08:00:00","BTCUSD CM Perpetual","8h","0.010000%"
"2024-03-24 00:00:00","BTCUSD CM Perpetual","8h","0.010000%"
"2024-03-23 16:00:00","BTCUSD CM Perpetual","8h","0.021069%"
"2024-03-23 08:00:00","BTCUSD CM Perpetual","8h","0.018774%"
"2024-03-23 00:00:00","BTCUSD CM Perpetual","8h","0.010000%"
"2024-03-22 16:00:00","BTCUSD CM Perpetual","8h","0.010000%"
"2024-03-22 08:00:00","BTCUSD CM Perpetual","8h","0.010000%"
"2024-03-22 00:00:00","BTCUSD CM Perpetual","8h","0.010000%"
"2024-03-21 16:00:00","BTCUSD CM Perpetual","8h","0.020652%"
"2024-03-21 08:00:00","BTCUSD CM Perpetual","8h","0.015460%"
"2024-03-21 00:00:00","BTCUSD CM Perpetual","8h","0.010000%"
"2024-03-20 16:00:00","BTCUSD CM Perpetual","8h","0.010000%"
"2024-03-20 08:00:00","BTCUSD CM Perpetual","8h","0.023260%"
"2024-03-20 00:00:00","BTCUSD CM Perpetual","8h","0.010000%"
"2024-03-19 16:00:00","BTCUSD CM Perpetual","8h","0.037318%"
"2024-03-19 08:00:00","BTCUSD CM Perpetual","8h","0.010000%"
"2024-03-19 00:00:00","BTCUSD CM Perpetual","8h","0.010000%"
"2024-03-18 16:00:00","BTCUSD CM Perpetual","8h","0.013347%"
"2024-03-18 08:00:00","BTCUSD CM Perpetual","8h","0.021760%"
"2024-03-18 00:00:00","BTCUSD CM Perpetual","8h","0.010986%"
"2024-03-17 16:00:00","BTCUSD CM Perpetual","8h","0.039807%"
"2024-03-17 08:00:00","BTCUSD CM Perpetual","8h","0.042096%"
"2024-03-17 00:00:00","BTCUSD CM Perpetual","8h","0.050823%"
"2024-03-16 16:00:00","BTCUSD CM Perpetual","8h","0.027708%"
"2024-03-16 08:00:00","BTCUSD CM Perpetual","8h","0.034539%"
"2024-03-16 00:00:00","BTCUSD CM Perpetual","8h","0.010000%"
"2024-03-15 16:00:00","BTCUSD CM Perpetual","8h","0.017044%"
"2024-03-15 08:00:00","BTCUSD CM Perpetual","8h","0.034498%"
"2024-03-15 00:00:00","BTCUSD CM Perpetual","8h","0.033097%"
"2024-03-14 16:00:00","BTCUSD CM Perpetual","8h","0.048628%"
"2024-03-14 08:00:00","BTCUSD CM Perpetual","8h","0.016742%"
"2024-03-14 00:00:00","BTCUSD CM Perpetual","8h","0.010000%"
"2024-03-13 16:00:00","BTCUSD CM Perpetual","8h","0.010000%"
"2024-03-13 08:00:00","BTCUSD CM Perpetual","8h","0.055360%"
"2024-03-13 00:00:00","BTCUSD CM Perpetual","8h","0.030843%"
"2024-03-12 16:00:00","BTCUSD CM Perpetual","8h","0.073692%"
"2024-03-12 08:00:00","BTCUSD CM Perpetual","8h","0.057822%"
"2024-03-12 00:00:00","BTCUSD CM Perpetual","8h","0.047095%"
"2024-03-11 16:00:00","BTCUSD CM Perpetual","8h","0.098584%"
"2024-03-11 08:00:00","BTCUSD CM Perpetual","8h","0.107745%"
"2024-03-11 00:00:00","BTCUSD CM Perpetual","8h","0.038313%"
"2024-03-10 16:00:00","BTCUSD CM Perpetual","8h","0.062035%"
"2024-03-10 08:00:00","BTCUSD CM Perpetual","8h","0.073722%"
"2024-03-10 00:00:00","BTCUSD CM Perpetual","8h","0.020619%"
"2024-03-09 16:00:00","BTCUSD CM Perpetual","8h","0.020042%"
"2024-03-09 08:00:00","BTCUSD CM Perpetual","8h","0.010000%"
"2024-03-09 00:00:00","BTCUSD CM Perpetual","8h","0.010000%"
"2024-03-08 16:00:00","BTCUSD CM Perpetual","8h","0.055975%"
"2024-03-08 08:00:00","BTCUSD CM Perpetual","8h","0.023164%"
"2024-03-08 00:00:00","BTCUSD CM Perpetual","8h","0.019823%"
"2024-03-07 16:00:00","BTCUSD CM Perpetual","8h","0.035520%"
"2024-03-07 08:00:00","BTCUSD CM Perpetual","8h","0.022267%"
"2024-03-07 00:00:00","BTCUSD CM Perpetual","8h","0.040128%"
"2024-03-06 16:00:00","BTCUSD CM Perpetual","8h","0.049602%"
"2024-03-06 08:00:00","BTCUSD CM Perpetual","8h","0.034982%"
"2024-03-06 00:00:00","BTCUSD CM Perpetual","8h","0.016256%"
"2024-03-05 16:00:00","BTCUSD CM Perpetual","8h","0.067329%"
"2024-03-05 08:00:00","BTCUSD CM Perpetual","8h","0.110239%"
"2024-03-05 00:00:00","BTCUSD CM Perpetual","8h","0.010000%"
"2024-03-04 16:00:00","BTCUSD CM Perpetual","8h","0.068712%"
"2024-03-04 08:00:00","BTCUSD CM Perpetual","8h","0.040148%"
"2024-03-04 00:00:00","BTCUSD CM Perpetual","8h","0.041948%"
"2024-03-03 16:00:00","BTCUSD CM Perpetual","8h","0.049753%"
"2024-03-03 08:00:00","BTCUSD CM Perpetual","8h","0.057456%"
"2024-03-03 00:00:00","BTCUSD CM Perpetual","8h","0.054230%"
"2024-03-02 16:00:00","BTCUSD CM Perpetual","8h","0.068311%"
"2024-03-02 08:00:00","BTCUSD CM Perpetual","8h","0.024549%"
"2024-03-02 00:00:00","BTCUSD CM Perpetual","8h","0.010000%"
"2024-03-01 16:00:00","BTCUSD CM Perpetual","8h","0.047263%"
"2024-03-01 08:00:00","BTCUSD CM Perpetual","8h","0.059611%"
"2024-03-01 00:00:00","BTCUSD CM Perpetual","8h","0.060069%"
"2024-02-29 16:00:00","BTCUSD CM Perpetual","8h","0.070208%"
"2024-02-29 08:00:00","BTCUSD CM Perpetual","8h","0.094030%"
"2024-02-29 00:00:00","BTCUSD CM Perpetual","8h","0.067732%"
"2024-02-28 16:00:00","BTCUSD CM Perpetual","8h","0.066515%"
"2024-02-28 08:00:00","BTCUSD CM Perpetual","8h","0.023128%"
"2024-02-28 00:00:00","BTCUSD CM Perpetual","8h","0.033792%"
"2024-02-27 16:00:00","BTCUSD CM Perpetual","8h","0.035116%"
"2024-02-27 08:00:00","BTCUSD CM Perpetual","8h","0.065947%"
"2024-02-27 00:00:00","BTCUSD CM Perpetual","8h","0.015314%"
"2024-02-26 16:00:00","BTCUSD CM Perpetual","8h","0.010000%"
"2024-02-26 08:00:00","BTCUSD CM Perpetual","8h","0.015163%"
"2024-02-26 00:00:00","BTCUSD CM Perpetual","8h","0.030125%"
"2024-02-25 16:00:00","BTCUSD CM Perpetual","8h","0.027482%"
"2024-02-25 08:00:00","BTCUSD CM Perpetual","8h","0.030315%"
"2024-02-25 00:00:00","BTCUSD CM Perpetual","8h","0.010000%"
"2024-02-24 16:00:00","BTCUSD CM Perpetual","8h","0.026867%"
"2024-02-24 08:00:00","BTCUSD CM Perpetual","8h","0.031843%"
"2024-02-24 00:00:00","BTCUSD CM Perpetual","8h","0.010000%"
"2024-02-23 16:00:00","BTCUSD CM Perpetual","8h","0.018451%"
"2024-02-23 08:00:00","BTCUSD CM Perpetual","8h","0.010000%"
"2024-02-23 00:00:00","BTCUSD CM Perpetual","8h","0.010000%"
"2024-02-22 16:00:00","BTCUSD CM Perpetual","8h","0.034808%"
"2024-02-22 08:00:00","BTCUSD CM Perpetual","8h","0.038078%"
"2024-02-22 00:00:00","BTCUSD CM Perpetual","8h","0.042188%"
"2024-02-21 16:00:00","BTCUSD CM Perpetual","8h","0.010000%"
"2024-02-21 08:00:00","BTCUSD CM Perpetual","8h","0.010000%"
"2024-02-21 00:00:00","BTCUSD CM Perpetual","8h","0.018931%"
"2024-02-20 16:00:00","BTCUSD CM Perpetual","8h","0.020029%"
"2024-02-20 08:00:00","BTCUSD CM Perpetual","8h","0.032720%"
"2024-02-20 00:00:00","BTCUSD CM Perpetual","8h","0.010000%"
"2024-02-19 16:00:00","BTCUSD CM Perpetual","8h","0.028145%"
"2024-02-19 08:00:00","BTCUSD CM Perpetual","8h","0.041467%"
"2024-02-19 00:00:00","BTCUSD CM Perpetual","8h","0.031360%"
"2024-02-18 16:00:00","BTCUSD CM Perpetual","8h","0.030878%"
"2024-02-18 08:00:00","BTCUSD CM Perpetual","8h","0.029854%"
"2024-02-18 00:00:00","BTCUSD CM Perpetual","8h","0.030993%"
"2024-02-17 16:00:00","BTCUSD CM Perpetual","8h","0.016663%"
"2024-02-17 08:00:00","BTCUSD CM Perpetual","8h","0.010000%"
"2024-02-17 00:00:00","BTCUSD CM Perpetual","8h","0.010000%"
"2024-02-16 16:00:00","BTCUSD CM Perpetual","8h","0.041647%"
"2024-02-16 08:00:00","BTCUSD CM Perpetual","8h","0.045448%"
"2024-02-16 00:00:00","BTCUSD CM Perpetual","8h","0.031009%"
"2024-02-15 16:00:00","BTCUSD CM Perpetual","8h","0.010000%"
"2024-02-15 08:00:00","BTCUSD CM Perpetual","8h","0.013511%"
"2024-02-15 00:00:00","BTCUSD CM Perpetual","8h","0.010000%"
"2024-02-14 16:00:00","BTCUSD CM Perpetual","8h","0.024137%"
"2024-02-14 08:00:00","BTCUSD CM Perpetual","8h","0.010000%"
"2024-02-14 00:00:00","BTCUSD CM Perpetual","8h","0.010000%"
"2024-02-13 16:00:00","BTCUSD CM Perpetual","8h","0.011406%"
"2024-02-13 08:00:00","BTCUSD CM Perpetual","8h","0.010000%"
"2024-02-13 00:00:00","BTCUSD CM Perpetual","8h","0.010000%"
"2024-02-12 16:00:00","BTCUSD CM Perpetual","8h","0.010676%"
"2024-02-12 08:00:00","BTCUSD CM Perpetual","8h","0.010000%"
"2024-02-12 00:00:00","BTCUSD CM Perpetual","8h","0.010000%"
"2024-02-11 16:00:00","BTCUSD CM Perpetual","8h","0.010000%"
"2024-02-11 08:00:00","BTCUSD CM Perpetual","8h","0.010000%"
"2024-02-11 00:00:00","BTCUSD CM Perpetual","8h","0.010000%"
"2024-02-10 16:00:00","BTCUSD CM Perpetual","8h","0.004031%"
"2024-02-10 08:00:00","BTCUSD CM Perpetual","8h","0.010000%"
"2024-02-10 00:00:00","BTCUSD CM Perpetual","8h","0.010000%"
"2024-02-09 16:00:00","BTCUSD CM Perpetual","8h","0.010000%"
"2024-02-09 08:00:00","BTCUSD CM Perpetual","8h","0.010000%"
"2024-02-09 00:00:00","BTCUSD CM Perpetual","8h","0.010000%"
"2024-02-08 16:00:00","BTCUSD CM Perpetual","8h","0.010000%"
"2024-02-08 08:00:00","BTCUSD CM Perpetual","8h","0.010000%"
"2024-02-08 00:00:00","BTCUSD CM Perpetual","8h","0.010000%"
"2024-02-07 16:00:00","BTCUSD CM Perpetual","8h","0.010000%"
"2024-02-07 08:00:00","BTCUSD CM Perpetual","8h","0.003215%"
"2024-02-07 00:00:00","BTCUSD CM Perpetual","8h","0.010000%"
"2024-02-06 16:00:00","BTCUSD CM Perpetual","8h","0.010000%"
"2024-02-06 08:00:00","BTCUSD CM Perpetual","8h","0.010000%"
"2024-02-06 00:00:00","BTCUSD CM Perpetual","8h","0.010000%"
"2024-02-05 16:00:00","BTCUSD CM Perpetual","8h","0.010000%"
"2024-02-05 08:00:00","BTCUSD CM Perpetual","8h","0.010000%"
"2024-02-05 00:00:00","BTCUSD CM Perpetual","8h","-0.002088%"
"2024-02-04 16:00:00","BTCUSD CM Perpetual","8h","0.010000%"
"2024-02-04 08:00:00","BTCUSD CM Perpetual","8h","0.010000%"
"2024-02-04 00:00:00","BTCUSD CM Perpetual","8h","0.010000%"
"2024-02-03 16:00:00","BTCUSD CM Perpetual","8h","0.006306%"
"2024-02-03 08:00:00","BTCUSD CM Perpetual","8h","0.001470%"
"2024-02-03 00:00:00","BTCUSD CM Perpetual","8h","0.007645%"
"2024-02-02 16:00:00","BTCUSD CM Perpetual","8h","0.010000%"
"2024-02-02 08:00:00","BTCUSD CM Perpetual","8h","0.010000%"
"2024-02-02 00:00:00","BTCUSD CM Perpetual","8h","0.010000%"
"2024-02-01 16:00:00","BTCUSD CM Perpetual","8h","0.010000%"
"2024-02-01 08:00:00","BTCUSD CM Perpetual","8h","0.010000%"
"2024-02-01 00:00:00","BTCUSD CM Perpetual","8h","0.010000%"
"2024-01-31 16:00:00","BTCUSD CM Perpetual","8h","0.010000%"
"2024-01-31 08:00:00","BTCUSD CM Perpetual","8h","0.010000%"
"2024-01-31 00:00:00","BTCUSD CM Perpetual","8h","0.010000%"
"2024-01-30 16:00:00","BTCUSD CM Perpetual","8h","0.010000%"
"2024-01-30 08:00:00","BTCUSD CM Perpetual","8h","0.010000%"
"2024-01-30 00:00:00","BTCUSD CM Perpetual","8h","0.010000%"
"2024-01-29 16:00:00","BTCUSD CM Perpetual","8h","0.010000%"
"2024-01-29 08:00:00","BTCUSD CM Perpetual","8h","0.010000%"
"2024-01-29 00:00:00","BTCUSD CM Perpetual","8h","0.010000%"
"2024-01-28 16:00:00","BTCUSD CM Perpetual","8h","0.010000%"
"2024-01-28 08:00:00","BTCUSD CM Perpetual","8h","0.010000%"
"2024-01-28 00:00:00","BTCUSD CM Perpetual","8h","0.010000%"
"2024-01-27 16:00:00","BTCUSD CM Perpetual","8h","0.005219%"
"2024-01-27 08:00:00","BTCUSD CM Perpetual","8h","0.010000%"
"2024-01-27 00:00:00","BTCUSD CM Perpetual","8h","0.010000%"
"2024-01-26 16:00:00","BTCUSD CM Perpetual","8h","0.010000%"
"2024-01-26 08:00:00","BTCUSD CM Perpetual","8h","0.010000%"
"2024-01-26 00:00:00","BTCUSD CM Perpetual","8h","0.010000%"
"2024-01-25 16:00:00","BTCUSD CM Perpetual","8h","0.010000%"
"2024-01-25 08:00:00","BTCUSD CM Perpetual","8h","0.010000%"
"2024-01-25 00:00:00","BTCUSD CM Perpetual","8h","0.010000%"
"2024-01-24 16:00:00","BTCUSD CM Perpetual","8h","0.010000%"
"2024-01-24 08:00:00","BTCUSD CM Perpetual","8h","0.010000%"
"2024-01-24 00:00:00","BTCUSD CM Perpetual","8h","0.010000%"
"2024-01-23 16:00:00","BTCUSD CM Perpetual","8h","0.010000%"
"2024-01-23 08:00:00","BTCUSD CM Perpetual","8h","0.010000%"
"2024-01-23 00:00:00","BTCUSD CM Perpetual","8h","0.010000%"
"2024-01-22 16:00:00","BTCUSD CM Perpetual","8h","0.010000%"
"2024-01-22 08:00:00","BTCUSD CM Perpetual","8h","0.010000%"
"2024-01-22 00:00:00","BTCUSD CM Perpetual","8h","0.010000%"
"2024-01-21 16:00:00","BTCUSD CM Perpetual","8h","0.010000%"
"2024-01-21 08:00:00","BTCUSD CM Perpetual","8h","0.010000%"
"2024-01-21 00:00:00","BTCUSD CM Perpetual","8h","0.010000%"
"2024-01-20 16:00:00","BTCUSD CM Perpetual","8h","0.010000%"
"2024-01-20 08:00:00","BTCUSD CM Perpetual","8h","0.010000%"
"2024-01-20 00:00:00","BTCUSD CM Perpetual","8h","0.010000%"
"2024-01-19 16:00:00","BTCUSD CM Perpetual","8h","0.010000%"
"2024-01-19 08:00:00","BTCUSD CM Perpetual","8h","0.010000%"
"2024-01-19 00:00:00","BTCUSD CM Perpetual","8h","0.010000%"
"2024-01-18 16:00:00","BTCUSD CM Perpetual","8h","0.010000%"
"2024-01-18 08:00:00","BTCUSD CM Perpetual","8h","0.010000%"
"2024-01-18 00:00:00","BTCUSD CM Perpetual","8h","0.010000%"
"2024-01-17 16:00:00","BTCUSD CM Perpetual","8h","0.010000%"
"2024-01-17 08:00:00","BTCUSD CM Perpetual","8h","0.002595%"
"2024-01-17 00:00:00","BTCUSD CM Perpetual","8h","0.010000%"
"2024-01-16 16:00:00","BTCUSD CM Perpetual","8h","0.010000%"
"2024-01-16 08:00:00","BTCUSD CM Perpetual","8h","0.010000%"
"2024-01-16 00:00:00","BTCUSD CM Perpetual","8h","0.010000%"
"2024-01-15 16:00:00","BTCUSD CM Perpetual","8h","0.010000%"
"2024-01-15 08:00:00","BTCUSD CM Perpetual","8h","0.002207%"
"2024-01-15 00:00:00","BTCUSD CM Perpetual","8h","0.008340%"
"2024-01-14 16:00:00","BTCUSD CM Perpetual","8h","0.010000%"
"2024-01-14 08:00:00","BTCUSD CM Perpetual","8h","0.010000%"
"2024-01-14 00:00:00","BTCUSD CM Perpetual","8h","0.004024%"
"2024-01-13 16:00:00","BTCUSD CM Perpetual","8h","0.010000%"
"2024-01-13 08:00:00","BTCUSD CM Perpetual","8h","0.010000%"
"2024-01-13 00:00:00","BTCUSD CM Perpetual","8h","0.010000%"
"2024-01-12 16:00:00","BTCUSD CM Perpetual","8h","0.010000%"
"2024-01-12 08:00:00","BTCUSD CM Perpetual","8h","0.010000%"
"2024-01-12 00:00:00","BTCUSD CM Perpetual","8h","0.010000%"
"2024-01-11 16:00:00","BTCUSD CM Perpetual","8h","0.010000%"
"2024-01-11 08:00:00","BTCUSD CM Perpetual","8h","0.010000%"
"2024-01-11 00:00:00","BTCUSD CM Perpetual","8h","0.010000%"
"2024-01-10 16:00:00","BTCUSD CM Perpetual","8h","0.010000%"
"2024-01-10 08:00:00","BTCUSD CM Perpetual","8h","0.010000%"
"2024-01-10 00:00:00","BTCUSD CM Perpetual","8h","0.010000%"
"2024-01-09 16:00:00","BTCUSD CM Perpetual","8h","0.010000%"
"2024-01-09 08:00:00","BTCUSD CM Perpetual","8h","0.010000%"
"2024-01-09 00:00:00","BTCUSD CM Perpetual","8h","0.010000%"
"2024-01-08 16:00:00","BTCUSD CM Perpetual","8h","0.004837%"
"2024-01-08 08:00:00","BTCUSD CM Perpetual","8h","0.008872%"
"2024-01-08 00:00:00","BTCUSD CM Perpetual","8h","0.000200%"
"2024-01-07 16:00:00","BTCUSD CM Perpetual","8h","0.010000%"
"2024-01-07 08:00:00","BTCUSD CM Perpetual","8h","0.010000%"
"2024-01-07 00:00:00","BTCUSD CM Perpetual","8h","-0.004106%"
"2024-01-06 16:00:00","BTCUSD CM Perpetual","8h","0.001285%"
"2024-01-06 08:00:00","BTCUSD CM Perpetual","8h","0.001185%"
"2024-01-06 00:00:00","BTCUSD CM Perpetual","8h","-0.009720%"
"2024-01-05 16:00:00","BTCUSD CM Perpetual","8h","0.010000%"
"2024-01-05 08:00:00","BTCUSD CM Perpetual","8h","0.010000%"
"2024-01-05 00:00:00","BTCUSD CM Perpetual","8h","-0.008453%"
"2024-01-04 16:00:00","BTCUSD CM Perpetual","8h","0.010000%"
"2024-01-04 08:00:00","BTCUSD CM Perpetual","8h","0.010000%"
"2024-01-04 00:00:00","BTCUSD CM Perpetual","8h","0.010000%"
"2024-01-03 16:00:00","BTCUSD CM Perpetual","8h","0.010000%"
"2024-01-03 08:00:00","BTCUSD CM Perpetual","8h","0.013201%"
"2024-01-03 00:00:00","BTCUSD CM Perpetual","8h","0.010000%"
"2024-01-02 16:00:00","BTCUSD CM Perpetual","8h","0.033397%"
"2024-01-02 08:00:00","BTCUSD CM Perpetual","8h","0.036388%"
"2024-01-02 00:00:00","BTCUSD CM Perpetual","8h","0.059009%"
"2024-01-01 16:00:00","BTCUSD CM Perpetual","8h","0.028009%"
"2024-01-01 08:00:00","BTCUSD CM Perpetual","8h","0.020162%"
"2024-01-01 00:00:00","BTCUSD CM Perpetual","8h","0.037711%"
"2023-12-31 16:00:00","BTCUSD CM Perpetual","8h","0.037807%"
"2023-12-31 08:00:00","BTCUSD CM Perpetual","8h","0.033659%"
"2023-12-31 00:00:00","BTCUSD CM Perpetual","8h","0.027083%"
"2023-12-30 16:00:00","BTCUSD CM Perpetual","8h","0.026444%"
"2023-12-30 08:00:00","BTCUSD CM Perpetual","8h","0.053001%"
"2023-12-30 00:00:00","BTCUSD CM Perpetual","8h","0.012701%"
"2023-12-29 16:00:00","BTCUSD CM Perpetual","8h","0.022356%"
"2023-12-29 08:00:00","BTCUSD CM Perpetual","8h","0.022275%"
"2023-12-29 00:00:00","BTCUSD CM Perpetual","8h","0.018605%"
"2023-12-28 16:00:00","BTCUSD CM Perpetual","8h","0.050095%"
"2023-12-28 08:00:00","BTCUSD CM Perpetual","8h","0.051480%"
"2023-12-28 00:00:00","BTCUSD CM Perpetual","8h","0.010000%"
"2023-12-27 16:00:00","BTCUSD CM Perpetual","8h","0.043689%"
"2023-12-27 08:00:00","BTCUSD CM Perpetual","8h","0.035965%"
"2023-12-27 00:00:00","BTCUSD CM Perpetual","8h","0.033079%"
"2023-12-26 16:00:00","BTCUSD CM Perpetual","8h","0.056745%"
"2023-12-26 08:00:00","BTCUSD CM Perpetual","8h","0.038776%"
"2023-12-26 00:00:00","BTCUSD CM Perpetual","8h","0.051660%"
"2023-12-25 16:00:00","BTCUSD CM Perpetual","8h","0.042842%"
"2023-12-25 08:00:00","BTCUSD CM Perpetual","8h","0.039931%"
"2023-12-25 00:00:00","BTCUSD CM Perpetual","8h","0.010000%"
"2023-12-24 16:00:00","BTCUSD CM Perpetual","8h","0.010362%"
"2023-12-24 08:00:00","BTCUSD CM Perpetual","8h","0.028275%"
"2023-12-24 00:00:00","BTCUSD CM Perpetual","8h","0.010000%"
"2023-12-23 16:00:00","BTCUSD CM Perpetual","8h","0.010000%"
"2023-12-23 08:00:00","BTCUSD CM Perpetual","8h","0.010000%"
"2023-12-23 00:00:00","BTCUSD CM Perpetual","8h","0.010000%"
"2023-12-22 16:00:00","BTCUSD CM Perpetual","8h","0.022462%"
"2023-12-22 08:00:00","BTCUSD CM Perpetual","8h","0.014477%"
"2023-12-22 00:00:00","BTCUSD CM Perpetual","8h","0.015820%"
"2023-12-21 16:00:00","BTCUSD CM Perpetual","8h","0.011328%"
"2023-12-21 08:00:00","BTCUSD CM Perpetual","8h","0.033395%"
"2023-12-21 00:00:00","BTCUSD CM Perpetual","8h","0.018578%"
"2023-12-20 16:00:00","BTCUSD CM Perpetual","8h","0.010000%"
"2023-12-20 08:00:00","BTCUSD CM Perpetual","8h","0.010000%"
"2023-12-20 00:00:00","BTCUSD CM Perpetual","8h","0.010000%"
"2023-12-19 16:00:00","BTCUSD CM Perpetual","8h","0.010000%"
"2023-12-19 08:00:00","BTCUSD CM Perpetual","8h","0.010468%"
"2023-12-19 00:00:00","BTCUSD CM Perpetual","8h","0.010000%"
"2023-12-18 16:00:00","BTCUSD CM Perpetual","8h","0.016909%"
"2023-12-18 08:00:00","BTCUSD CM Perpetual","8h","0.010000%"
"2023-12-18 00:00:00","BTCUSD CM Perpetual","8h","0.020233%"
"2023-12-17 16:00:00","BTCUSD CM Perpetual","8h","0.018649%"
"2023-12-17 08:00:00","BTCUSD CM Perpetual","8h","0.019413%"
"2023-12-17 00:00:00","BTCUSD CM Perpetual","8h","0.010000%"
"2023-12-16 16:00:00","BTCUSD CM Perpetual","8h","0.023314%"
"2023-12-16 08:00:00","BTCUSD CM Perpetual","8h","0.015951%"
"2023-12-16 00:00:00","BTCUSD CM Perpetual","8h","0.010000%"
"2023-12-15 16:00:00","BTCUSD CM Perpetual","8h","0.010000%"
"2023-12-15 08:00:00","BTCUSD CM Perpetual","8h","0.010000%"
"2023-12-15 00:00:00","BTCUSD CM Perpetual","8h","0.010000%"
"2023-12-14 16:00:00","BTCUSD CM Perpetual","8h","0.010000%"
"2023-12-14 08:00:00","BTCUSD CM Perpetual","8h","0.010000%"
"2023-12-14 00:00:00","BTCUSD CM Perpetual","8h","0.010000%"
"2023-12-13 16:00:00","BTCUSD CM Perpetual","8h","0.018380%"
"2023-12-13 08:00:00","BTCUSD CM Perpetual","8h","0.010000%"
"2023-12-13 00:00:00","BTCUSD CM Perpetual","8h","0.013375%"
"2023-12-12 16:00:00","BTCUSD CM Perpetual","8h","0.010000%"
"2023-12-12 08:00:00","BTCUSD CM Perpetual","8h","0.010000%"
"2023-12-12 00:00:00","BTCUSD CM Perpetual","8h","0.010000%"
"2023-12-11 16:00:00","BTCUSD CM Perpetual","8h","0.020700%"
"2023-12-11 08:00:00","BTCUSD CM Perpetual","8h","0.010000%"
"2023-12-11 00:00:00","BTCUSD CM Perpetual","8h","0.013955%"
"2023-12-10 16:00:00","BTCUSD CM Perpetual","8h","0.028043%"
"2023-12-10 08:00:00","BTCUSD CM Perpetual","8h","0.029778%"
"2023-12-10 00:00:00","BTCUSD CM Perpetual","8h","0.021190%"
"2023-12-09 16:00:00","BTCUSD CM Perpetual","8h","0.010000%"
"2023-12-09 08:00:00","BTCUSD CM Perpetual","8h","0.010000%"
"2023-12-09 00:00:00","BTCUSD CM Perpetual","8h","0.010000%"
"2023-12-08 16:00:00","BTCUSD CM Perpetual","8h","0.013354%"
"2023-12-08 08:00:00","BTCUSD CM Perpetual","8h","0.010000%"
"2023-12-08 00:00:00","BTCUSD CM Perpetual","8h","0.010000%"
"2023-12-07 16:00:00","BTCUSD CM Perpetual","8h","0.010000%"
"2023-12-07 08:00:00","BTCUSD CM Perpetual","8h","0.010000%"
"2023-12-07 00:00:00","BTCUSD CM Perpetual","8h","0.010000%"
"2023-12-06 16:00:00","BTCUSD CM Perpetual","8h","0.010000%"
"2023-12-06 08:00:00","BTCUSD CM Perpetual","8h","0.010000%"
"2023-12-06 00:00:00","BTCUSD CM Perpetual","8h","0.010000%"
"2023-12-05 16:00:00","BTCUSD CM Perpetual","8h","0.010000%"
"2023-12-05 08:00:00","BTCUSD CM Perpetual","8h","0.010000%"
"2023-12-05 00:00:00","BTCUSD CM Perpetual","8h","0.010000%"
"2023-12-04 16:00:00","BTCUSD CM Perpetual","8h","0.010000%"
"2023-12-04 08:00:00","BTCUSD CM Perpetual","8h","0.036030%"
"2023-12-04 00:00:00","BTCUSD CM Perpetual","8h","0.010000%"
"2023-12-03 16:00:00","BTCUSD CM Perpetual","8h","0.010000%"
"2023-12-03 08:00:00","BTCUSD CM Perpetual","8h","0.010000%"
"2023-12-03 00:00:00","BTCUSD CM Perpetual","8h","0.010000%"
"2023-12-02 16:00:00","BTCUSD CM Perpetual","8h","0.010000%"
"2023-12-02 08:00:00","BTCUSD CM Perpetual","8h","0.010000%"
"2023-12-02 00:00:00","BTCUSD CM Perpetual","8h","0.010000%"
"2023-12-01 16:00:00","BTCUSD CM Perpetual","8h","0.010000%"
"2023-12-01 08:00:00","BTCUSD CM Perpetual","8h","0.010000%"
"2023-12-01 00:00:00","BTCUSD CM Perpetual","8h","0.005697%"
"2023-11-30 16:00:00","BTCUSD CM Perpetual","8h","0.010000%"
"2023-11-30 08:00:00","BTCUSD CM Perpetual","8h","0.010000%"
"2023-11-30 00:00:00","BTCUSD CM Perpetual","8h","0.010000%"
"2023-11-29 16:00:00","BTCUSD CM Perpetual","8h","0.009013%"
"2023-11-29 08:00:00","BTCUSD CM Perpetual","8h","0.010000%"
"2023-11-29 00:00:00","BTCUSD CM Perpetual","8h","0.006017%"
"2023-11-28 16:00:00","BTCUSD CM Perpetual","8h","0.010000%"
"2023-11-28 08:00:00","BTCUSD CM Perpetual","8h","0.010000%"
"2023-11-28 00:00:00","BTCUSD CM Perpetual","8h","0.010000%"
"2023-11-27 16:00:00","BTCUSD CM Perpetual","8h","0.010000%"
"2023-11-27 08:00:00","BTCUSD CM Perpetual","8h","0.010000%"
"2023-11-27 00:00:00","BTCUSD CM Perpetual","8h","0.010000%"
"2023-11-26 16:00:00","BTCUSD CM Perpetual","8h","0.010000%"
"2023-11-26 08:00:00","BTCUSD CM Perpetual","8h","0.010000%"
"2023-11-26 00:00:00","BTCUSD CM Perpetual","8h","0.010000%"
"2023-11-25 16:00:00","BTCUSD CM Perpetual","8h","0.010000%"
"2023-11-25 08:00:00","BTCUSD CM Perpetual","8h","0.010000%"
"2023-11-25 00:00:00","BTCUSD CM Perpetual","8h","0.010000%"
"2023-11-24 16:00:00","BTCUSD CM Perpetual","8h","0.010000%"
"2023-11-24 08:00:00","BTCUSD CM Perpetual","8h","0.010000%"
"2023-11-24 00:00:00","BTCUSD CM Perpetual","8h","0.010000%"
"2023-11-23 16:00:00","BTCUSD CM Perpetual","8h","0.010000%"
"2023-11-23 08:00:00","BTCUSD CM Perpetual","8h","0.010000%"
"2023-11-23 00:00:00","BTCUSD CM Perpetual","8h","0.010000%"
"2023-11-22 16:00:00","BTCUSD CM Perpetual","8h","0.010000%"
"2023-11-22 08:00:00","BTCUSD CM Perpetual","8h","0.010000%"
"2023-11-22 00:00:00","BTCUSD CM Perpetual","8h","0.010000%"
"2023-11-21 16:00:00","BTCUSD CM Perpetual","8h","0.010000%"
"2023-11-21 08:00:00","BTCUSD CM Perpetual","8h","0.010000%"
"2023-11-21 00:00:00","BTCUSD CM Perpetual","8h","0.010000%"
"2023-11-20 16:00:00","BTCUSD CM Perpetual","8h","0.010000%"
"2023-11-20 08:00:00","BTCUSD CM Perpetual","8h","0.010000%"
"2023-11-20 00:00:00","BTCUSD CM Perpetual","8h","0.010000%"
"2023-11-19 16:00:00","BTCUSD CM Perpetual","8h","0.010000%"
"2023-11-19 08:00:00","BTCUSD CM Perpetual","8h","0.010000%"
"2023-11-19 00:00:00","BTCUSD CM Perpetual","8h","0.010000%"
"2023-11-18 16:00:00","BTCUSD CM Perpetual","8h","0.010000%"
"2023-11-18 08:00:00","BTCUSD CM Perpetual","8h","0.010000%"
"2023-11-18 00:00:00","BTCUSD CM Perpetual","8h","0.010000%"
"2023-11-17 16:00:00","BTCUSD CM Perpetual","8h","0.010000%"
"2023-11-17 08:00:00","BTCUSD CM Perpetual","8h","0.010000%"
"2023-11-17 00:00:00","BTCUSD CM Perpetual","8h","0.010000%"
"2023-11-16 16:00:00","BTCUSD CM Perpetual","8h","0.010000%"
"2023-11-16 08:00:00","BTCUSD CM Perpetual","8h","0.010000%"
"2023-11-16 00:00:00","BTCUSD CM Perpetual","8h","0.010000%"
"2023-11-15 16:00:00","BTCUSD CM Perpetual","8h","0.010000%"
"2023-11-15 08:00:00","BTCUSD CM Perpetual","8h","0.012568%"
"2023-11-15 00:00:00","BTCUSD CM Perpetual","8h","0.010000%"
"2023-11-14 16:00:00","BTCUSD CM Perpetual","8h","0.010000%"
"2023-11-14 08:00:00","BTCUSD CM Perpetual","8h","0.010000%"
"2023-11-14 00:00:00","BTCUSD CM Perpetual","8h","0.010000%"
"2023-11-13 16:00:00","BTCUSD CM Perpetual","8h","0.010000%"
"2023-11-13 08:00:00","BTCUSD CM Perpetual","8h","0.010000%"
"2023-11-13 00:00:00","BTCUSD CM Perpetual","8h","0.020002%"
"2023-11-12 16:00:00","BTCUSD CM Perpetual","8h","0.010000%"
"2023-11-12 08:00:00","BTCUSD CM Perpetual","8h","0.010000%"
"2023-11-12 00:00:00","BTCUSD CM Perpetual","8h","0.010000%"
"2023-11-11 16:00:00","BTCUSD CM Perpetual","8h","0.010000%"
"2023-11-11 08:00:00","BTCUSD CM Perpetual","8h","0.010000%"
"2023-11-11 00:00:00","BTCUSD CM Perpetual","8h","0.010000%"
"2023-11-10 16:00:00","BTCUSD CM Perpetual","8h","0.010000%"
"2023-11-10 08:00:00","BTCUSD CM Perpetual","8h","0.021840%"
"2023-11-10 00:00:00","BTCUSD CM Perpetual","8h","0.010000%"
"2023-11-09 16:00:00","BTCUSD CM Perpetual","8h","0.010306%"
"2023-11-09 08:00:00","BTCUSD CM Perpetual","8h","0.010000%"
"2023-11-09 00:00:00","BTCUSD CM Perpetual","8h","0.010000%"
"2023-11-08 16:00:00","BTCUSD CM Perpetual","8h","0.010000%"
"2023-11-08 08:00:00","BTCUSD CM Perpetual","8h","0.010000%"
"2023-11-08 00:00:00","BTCUSD CM Perpetual","8h","0.010000%"
"2023-11-07 16:00:00","BTCUSD CM Perpetual","8h","0.010000%"
"2023-11-07 08:00:00","BTCUSD CM Perpetual","8h","0.010000%"
"2023-11-07 00:00:00","BTCUSD CM Perpetual","8h","0.010000%"
"2023-11-06 16:00:00","BTCUSD CM Perpetual","8h","0.010000%"
"2023-11-06 08:00:00","BTCUSD CM Perpetual","8h","0.010000%"
"2023-11-06 00:00:00","BTCUSD CM Perpetual","8h","0.010000%"
"2023-11-05 16:00:00","BTCUSD CM Perpetual","8h","0.010000%"
"2023-11-05 08:00:00","BTCUSD CM Perpetual","8h","0.010000%"
"2023-11-05 00:00:00","BTCUSD CM Perpetual","8h","0.010000%"
"2023-11-04 16:00:00","BTCUSD CM Perpetual","8h","0.010000%"
"2023-11-04 08:00:00","BTCUSD CM Perpetual","8h","0.010000%"
"2023-11-04 00:00:00","BTCUSD CM Perpetual","8h","0.010000%"
"2023-11-03 16:00:00","BTCUSD CM Perpetual","8h","0.010000%"
"2023-11-03 08:00:00","BTCUSD CM Perpetual","8h","0.010000%"
"2023-11-03 00:00:00","BTCUSD CM Perpetual","8h","0.010000%"
"2023-11-02 16:00:00","BTCUSD CM Perpetual","8h","0.010000%"
"2023-11-02 08:00:00","BTCUSD CM Perpetual","8h","0.015694%"
"2023-11-02 00:00:00","BTCUSD CM Perpetual","8h","0.027082%"
"2023-11-01 16:00:00","BTCUSD CM Perpetual","8h","0.020710%"
"2023-11-01 08:00:00","BTCUSD CM Perpetual","8h","0.010000%"
"2023-11-01 00:00:00","BTCUSD CM Perpetual","8h","0.010000%"
"2023-10-31 16:00:00","BTCUSD CM Perpetual","8h","0.010000%"
"2023-10-31 08:00:00","BTCUSD CM Perpetual","8h","0.010000%"
"2023-10-31 00:00:00","BTCUSD CM Perpetual","8h","0.010000%"
"2023-10-30 16:00:00","BTCUSD CM Perpetual","8h","0.010000%"
"2023-10-30 08:00:00","BTCUSD CM Perpetual","8h","0.010000%"
"2023-10-30 00:00:00","BTCUSD CM Perpetual","8h","0.010000%"
"2023-10-29 16:00:00","BTCUSD CM Perpetual","8h","0.010000%"
"2023-10-29 08:00:00","BTCUSD CM Perpetual","8h","0.010000%"
"2023-10-29 01:00:00","BTCUSD CM Perpetual","8h","0.010000%"
"2023-10-28 17:00:00","BTCUSD CM Perpetual","8h","0.010000%"
"2023-10-28 09:00:00","BTCUSD CM Perpetual","8h","0.010000%"
"2023-10-28 01:00:00","BTCUSD CM Perpetual","8h","0.010000%"
"2023-10-27 17:00:00","BTCUSD CM Perpetual","8h","0.010000%"
"2023-10-27 09:00:00","BTCUSD CM Perpetual","8h","0.010000%"
"2023-10-27 01:00:00","BTCUSD CM Perpetual","8h","0.010000%"
"2023-10-26 17:00:00","BTCUSD CM Perpetual","8h","0.010000%"
"2023-10-26 09:00:00","BTCUSD CM Perpetual","8h","0.010000%"
"2023-10-26 01:00:00","BTCUSD CM Perpetual","8h","0.010000%"
"2023-10-25 17:00:00","BTCUSD CM Perpetual","8h","0.010000%"
"2023-10-25 09:00:00","BTCUSD CM Perpetual","8h","0.010000%"
"2023-10-25 01:00:00","BTCUSD CM Perpetual","8h","0.010000%"
"2023-10-24 17:00:00","BTCUSD CM Perpetual","8h","0.010000%"
"2023-10-24 09:00:00","BTCUSD CM Perpetual","8h","0.010000%"
"2023-10-24 01:00:00","BTCUSD CM Perpetual","8h","0.010000%"
"2023-10-23 17:00:00","BTCUSD CM Perpetual","8h","0.001933%"
"2023-10-23 09:00:00","BTCUSD CM Perpetual","8h","0.010000%"
"2023-10-23 01:00:00","BTCUSD CM Perpetual","8h","0.010000%"
"2023-10-22 17:00:00","BTCUSD CM Perpetual","8h","0.007488%"
"2023-10-22 09:00:00","BTCUSD CM Perpetual","8h","0.005591%"
"2023-10-22 01:00:00","BTCUSD CM Perpetual","8h","0.001501%"
"2023-10-21 17:00:00","BTCUSD CM Perpetual","8h","0.002826%"
"2023-10-21 09:00:00","BTCUSD CM Perpetual","8h","0.004589%"
"2023-10-21 01:00:00","BTCUSD CM Perpetual","8h","-0.004060%"
"2023-10-20 17:00:00","BTCUSD CM Perpetual","8h","0.004040%"
"2023-10-20 09:00:00","BTCUSD CM Perpetual","8h","-0.000444%"
"2023-10-20 01:00:00","BTCUSD CM Perpetual","8h","-0.010057%"
"2023-10-19 17:00:00","BTCUSD CM Perpetual","8h","-0.010663%"
"2023-10-19 09:00:00","BTCUSD CM Perpetual","8h","-0.007604%"
"2023-10-19 01:00:00","BTCUSD CM Perpetual","8h","-0.010335%"
"2023-10-18 17:00:00","BTCUSD CM Perpetual","8h","-0.000874%"
"2023-10-18 09:00:00","BTCUSD CM Perpetual","8h","0.003329%"
"2023-10-18 01:00:00","BTCUSD CM Perpetual","8h","-0.010255%"
"2023-10-17 17:00:00","BTCUSD CM Perpetual","8h","-0.012130%"
"2023-10-17 09:00:00","BTCUSD CM Perpetual","8h","-0.006473%"
"2023-10-17 01:00:00","BTCUSD CM Perpetual","8h","-0.005227%"
"2023-10-16 17:00:00","BTCUSD CM Perpetual","8h","0.007672%"
"2023-10-16 09:00:00","BTCUSD CM Perpetual","8h","-0.002925%"
"2023-10-16 01:00:00","BTCUSD CM Perpetual","8h","-0.002361%"
"2023-10-15 17:00:00","BTCUSD CM Perpetual","8h","0.003488%"
"2023-10-15 09:00:00","BTCUSD CM Perpetual","8h","0.000912%"
"2023-10-15 01:00:00","BTCUSD CM Perpetual","8h","-0.004398%"
"2023-10-14 17:00:00","BTCUSD CM Perpetual","8h","0.005267%"
"2023-10-14 09:00:00","BTCUSD CM Perpetual","8h","0.005028%"
"2023-10-14 01:00:00","BTCUSD CM Perpetual","8h","-0.000102%"
"2023-10-13 17:00:00","BTCUSD CM Perpetual","8h","0.008674%"
"2023-10-13 09:00:00","BTCUSD CM Perpetual","8h","0.010000%"
"2023-10-13 01:00:00","BTCUSD CM Perpetual","8h","0.007129%"
"2023-10-12 17:00:00","BTCUSD CM Perpetual","8h","0.010000%"
"2023-10-12 09:00:00","BTCUSD CM Perpetual","8h","0.006238%"
"2023-10-12 01:00:00","BTCUSD CM Perpetual","8h","0.010000%"
"2023-10-11 17:00:00","BTCUSD CM Perpetual","8h","0.010000%"
"2023-10-11 09:00:00","BTCUSD CM Perpetual","8h","-0.001324%"
"2023-10-11 01:00:00","BTCUSD CM Perpetual","8h","0.010000%"
"2023-10-10 17:00:00","BTCUSD CM Perpetual","8h","0.010000%"
"2023-10-10 09:00:00","BTCUSD CM Perpetual","8h","0.010000%"
"2023-10-10 01:00:00","BTCUSD CM Perpetual","8h","0.010000%"
"2023-10-09 17:00:00","BTCUSD CM Perpetual","8h","0.010000%"
"2023-10-09 09:00:00","BTCUSD CM Perpetual","8h","0.010000%"
"2023-10-09 01:00:00","BTCUSD CM Perpetual","8h","0.000697%"
"2023-10-08 17:00:00","BTCUSD CM Perpetual","8h","0.002711%"
"2023-10-08 09:00:00","BTCUSD CM Perpetual","8h","0.000412%"
"2023-10-08 01:00:00","BTCUSD CM Perpetual","8h","-0.000052%"
"2023-10-07 17:00:00","BTCUSD CM Perpetual","8h","0.003553%"
"2023-10-07 09:00:00","BTCUSD CM Perpetual","8h","-0.007109%"
"2023-10-07 01:00:00","BTCUSD CM Perpetual","8h","-0.002043%"
"2023-10-06 17:00:00","BTCUSD CM Perpetual","8h","-0.010172%"
"2023-10-06 09:00:00","BTCUSD CM Perpetual","8h","-0.006170%"
"2023-10-06 01:00:00","BTCUSD CM Perpetual","8h","-0.001116%"
"2023-10-05 17:00:00","BTCUSD CM Perpetual","8h","-0.014373%"
"2023-10-05 09:00:00","BTCUSD CM Perpetual","8h","-0.004463%"
"2023-10-05 01:00:00","BTCUSD CM Perpetual","8h","-0.005494%"
"2023-10-04 17:00:00","BTCUSD CM Perpetual","8h","0.007949%"
"2023-10-04 09:00:00","BTCUSD CM Perpetual","8h","0.004291%"
"2023-10-04 01:00:00","BTCUSD CM Perpetual","8h","0.004671%"
"2023-10-03 17:00:00","BTCUSD CM Perpetual","8h","0.005313%"
"2023-10-03 09:00:00","BTCUSD CM Perpetual","8h","0.007806%"
"2023-10-03 01:00:00","BTCUSD CM Perpetual","8h","0.009370%"
"2023-10-02 17:00:00","BTCUSD CM Perpetual","8h","-0.014760%"
"2023-10-02 09:00:00","BTCUSD CM Perpetual","8h","-0.000508%"
"2023-10-02 01:00:00","BTCUSD CM Perpetual","8h","0.010000%"
"2023-10-01 17:00:00","BTCUSD CM Perpetual","8h","0.003405%"
"2023-10-01 09:00:00","BTCUSD CM Perpetual","8h","-0.002430%"
"2023-10-01 01:00:00","BTCUSD CM Perpetual","8h","-0.007964%"
"2023-09-30 17:00:00","BTCUSD CM Perpetual","8h","-0.002769%"
"2023-09-30 09:00:00","BTCUSD CM Perpetual","8h","-0.002973%"
"2023-09-30 01:00:00","BTCUSD CM Perpetual","8h","0.004072%"
"2023-09-29 17:00:00","BTCUSD CM Perpetual","8h","0.007436%"
"2023-09-29 09:00:00","BTCUSD CM Perpetual","8h","0.010000%"
"2023-09-29 01:00:00","BTCUSD CM Perpetual","8h","0.001308%"
"2023-09-28 17:00:00","BTCUSD CM Perpetual","8h","0.005500%"
"2023-09-28 09:00:00","BTCUSD CM Perpetual","8h","0.010000%"
"2023-09-28 01:00:00","BTCUSD CM Perpetual","8h","0.010000%"
"2023-09-27 17:00:00","BTCUSD CM Perpetual","8h","0.010000%"
"2023-09-27 09:00:00","BTCUSD CM Perpetual","8h","0.010000%"
"2023-09-27 01:00:00","BTCUSD CM Perpetual","8h","0.010000%"
"2023-09-26 17:00:00","BTCUSD CM Perpetual","8h","0.010000%"
"2023-09-26 09:00:00","BTCUSD CM Perpetual","8h","0.007386%"
"2023-09-26 01:00:00","BTCUSD CM Perpetual","8h","0.001517%"
"2023-09-25 17:00:00","BTCUSD CM Perpetual","8h","0.010000%"
"2023-09-25 09:00:00","BTCUSD CM Perpetual","8h","0.010000%"
"2023-09-25 01:00:00","BTCUSD CM Perpetual","8h","-0.004121%"
"2023-09-24 17:00:00","BTCUSD CM Perpetual","8h","0.003981%"
"2023-09-24 09:00:00","BTCUSD CM Perpetual","8h","0.002692%"
"2023-09-24 01:00:00","BTCUSD CM Perpetual","8h","0.003547%"
"2023-09-23 17:00:00","BTCUSD CM Perpetual","8h","0.000530%"
"2023-09-23 09:00:00","BTCUSD CM Perpetual","8h","0.002418%"
"2023-09-23 01:00:00","BTCUSD CM Perpetual","8h","0.008335%"
"2023-09-22 17:00:00","BTCUSD CM Perpetual","8h","0.009401%"
"2023-09-22 09:00:00","BTCUSD CM Perpetual","8h","0.005581%"
"2023-09-22 01:00:00","BTCUSD CM Perpetual","8h","-0.006227%"
"2023-09-21 17:00:00","BTCUSD CM Perpetual","8h","0.010000%"
"2023-09-21 09:00:00","BTCUSD CM Perpetual","8h","-0.000320%"
"2023-09-21 01:00:00","BTCUSD CM Perpetual","8h","0.002392%"
"2023-09-20 17:00:00","BTCUSD CM Perpetual","8h","0.006088%"
"2023-09-20 09:00:00","BTCUSD CM Perpetual","8h","0.000668%"
"2023-09-20 01:00:00","BTCUSD CM Perpetual","8h","-0.003128%"
"2023-09-19 17:00:00","BTCUSD CM Perpetual","8h","0.010000%"
"2023-09-19 09:00:00","BTCUSD CM Perpetual","8h","-0.013685%"
"2023-09-19 01:00:00","BTCUSD CM Perpetual","8h","-0.001227%"
"2023-09-18 17:00:00","BTCUSD CM Perpetual","8h","0.003575%"
"2023-09-18 09:00:00","BTCUSD CM Perpetual","8h","0.002077%"
"2023-09-18 01:00:00","BTCUSD CM Perpetual","8h","-0.000207%"
"2023-09-17 17:00:00","BTCUSD CM Perpetual","8h","-0.006427%"
"2023-09-17 09:00:00","BTCUSD CM Perpetual","8h","-0.008842%"
"2023-09-17 01:00:00","BTCUSD CM Perpetual","8h","-0.010383%"
"2023-09-16 17:00:00","BTCUSD CM Perpetual","8h","-0.006127%"
"2023-09-16 09:00:00","BTCUSD CM Perpetual","8h","-0.003779%"
"2023-09-16 01:00:00","BTCUSD CM Perpetual","8h","-0.000606%"
"2023-09-15 17:00:00","BTCUSD CM Perpetual","8h","0.005262%"
"2023-09-15 09:00:00","BTCUSD CM Perpetual","8h","-0.004037%"
"2023-09-15 01:00:00","BTCUSD CM Perpetual","8h","-0.005562%"
"2023-09-14 17:00:00","BTCUSD CM Perpetual","8h","-0.008351%"
"2023-09-14 09:00:00","BTCUSD CM Perpetual","8h","0.002333%"
"2023-09-14 01:00:00","BTCUSD CM Perpetual","8h","-0.009967%"
"2023-09-13 17:00:00","BTCUSD CM Perpetual","8h","-0.002775%"
"2023-09-13 09:00:00","BTCUSD CM Perpetual","8h","0.004186%"
"2023-09-13 01:00:00","BTCUSD CM Perpetual","8h","-0.000560%"
"2023-09-12 17:00:00","BTCUSD CM Perpetual","8h","-0.004276%"
"2023-09-12 09:00:00","BTCUSD CM Perpetual","8h","-0.000692%"
"2023-09-12 01:00:00","BTCUSD CM Perpetual","8h","-0.001315%"
"2023-09-11 17:00:00","BTCUSD CM Perpetual","8h","0.004498%"
"2023-09-11 09:00:00","BTCUSD CM Perpetual","8h","0.005422%"